"id","title","selftext","subreddit","created_at","image_url","ocr_text","cluster_id"
"1h5ng2l","ai dash cams give wake-up calls to drowsy drivers | innovative tech detects driver fatigue and signals them to take a break",,"tech","2024-12-03 13:31:25",NULL,,"3"
"1h5qkfp","electronic ‘tattoos’ offer an alternative to electrodes for brain monitoring | a spray-on ink detects electrical activity in the brain for hours",,"tech","2024-12-03 15:52:49",NULL,,"3"
"1h66avu","licking this “lollipop” will let you taste virtual flavors",,"tech","2024-12-04 03:13:29",NULL,,"3"
"1h6fl9r","a new catalyst can turn methane into something useful. mit chemical engineers have devised a way to capture methane, a potent greenhouse gas, and convert it into polymers.",,"tech","2024-12-04 13:09:53",NULL,,"3"
"1h6gurk","refurbished heart pacemakers work like new",,"tech","2024-12-04 14:08:45",NULL,,"3"
"1h6y0td","robot cat that sticks landing may revolutionise asteroid mining, scientists say",,"tech","2024-12-05 02:06:57",NULL,,"3"
"1h78m56","prenatal test accidentally picks up cancer in 50% of those with wonky results | the prenatal test results flagged cancers when other screens and tests missed it.",,"tech","2024-12-05 12:59:47",NULL,,"3"
"1h78or2","billions of people to benefit from technology breakthrough that ensures freshwater for the world",,"tech","2024-12-05 13:03:18",NULL,,"3"
"1h792n3","carpet fibres stop concrete cracking. engineers in australia have found a way to make stronger and crack-resistant concrete with scrap carpet fibres, rolling out the red carpet for sustainability in the construction sector.",,"tech","2024-12-05 13:23:32",NULL,,"3"
"1h7qdkm","'breakthrough' dementia drug looks to stop disease in its tracks",,"tech","2024-12-06 02:03:15",NULL,,"3"
"1h8130c","two european satellites launch on mission to blot out the sun—for science",,"tech","2024-12-06 13:14:42",NULL,,"3"
"1h815us","burned rice hulls could help batteries store more charge",,"tech","2024-12-06 13:18:53",NULL,,"3"
"1h8350t","scientists develop battery with 5,000+ year lifespan by encasing radioactive carbon in diamond | it could power electronics aboard space probes for centuries, among other things",,"tech","2024-12-06 14:55:38",NULL,,"3"
"1h8fwm0","virtual lab powered by ‘ai scientists’ super-charges biomedical research",,"tech","2024-12-07 00:18:40",NULL,,"3"
"1h8s83b","researchers claim record-breaking 25.7% efficency for perovskite-organic tandem solar cell",,"tech","2024-12-07 13:13:38",NULL,,"3"
"1h8tarx","drones with legs can walk, hop, and jump into the air",,"tech","2024-12-07 14:12:24",NULL,,"3"
"1h98sb7","the art of failure analysis. searching for defects in their chips, these engineers found something inspiring.",,"tech","2024-12-08 02:31:40",NULL,,"3"
"1h9jtac","""world's simplest"" nuclear reactors could be installed underground to provide heat to cities",,"tech","2024-12-08 14:19:59",NULL,,"3"
"1h9jyfw","temporary scalp e-tattoos that scan brain could replace traditional eegs forever",,"tech","2024-12-08 14:27:26",NULL,,"3"
"1h9p8h3","scientists discover new way to make fuel from water and sunlight, but more work is needed",,"tech","2024-12-08 18:27:54",NULL,,"3"
"1ha8fsu","brain stimulation helps people ​walk after spinal injury | researchers created a ""brain atlas"" to find the right spot for electrodes",,"tech","2024-12-09 12:18:29",NULL,,"3"
"1ha9xig","crop parasites can be deterred by “electric fences” a pesticide-free technique holds promise by scrambling protists’ senses",,"tech","2024-12-09 13:40:10",NULL,,"3"
"1hb24op","sionic energy unveils 100-percent silicon anode battery",,"tech","2024-12-10 13:48:22",NULL,,"3"
"1hbirv1","ferroelectric devices could make iot data unhackable. fefet array enables homomorphic encryption in battery-powered devices.",,"tech","2024-12-11 02:05:39",NULL,,"3"
"1hbnqfg","nvidia, rigetti, quantum machines deliver ai-powered quantum computing",,"tech","2024-12-11 06:51:26",NULL,,"3"
"1hbtd03","ai is driving india’s next agricultural revolution",,"tech","2024-12-11 13:23:31",NULL,,"3"
"1hbuf8o","google gets an error-corrected quantum bit to be stable for an hour",,"tech","2024-12-11 14:16:34",NULL,,"3"
"1hbug93","transforming fusion from a scientific curiosity into a powerful clean energy source",,"tech","2024-12-11 14:17:53",NULL,,"3"
"1hcj85x","fish-inspired sensor ""touches"" using electric fields | a synthetic e-skin uses capacitance to detect nearby objects",,"tech","2024-12-12 11:38:25",NULL,,"3"
"1hcl9co","graphene interconnects to moore's law's rescue",,"tech","2024-12-12 13:37:44",NULL,,"3"
"1hclrpw","scientists have accidentally discovered a particle that has mass when it’s traveling in one direction, but no mass while traveling in a different direction | known as semi-dirac fermions, particles with this bizarre behavior were first predicted 16 years ago.",,"tech","2024-12-12 14:03:53",NULL,,"3"
"1hdai04","new tongue-stimulating implant offers hope to millions with sleep apnoea in uk first | nyxoah’s genio device zaps the nerves in the tongue to help sufferers breathe better overnight",,"tech","2024-12-13 11:47:53",NULL,,"3"
"1hdco1q","award-winning tech uses cyborg mollusks to monitor water pollution",,"tech","2024-12-13 13:53:27",NULL,,"3"
"1hdnl19","nvidia, amd, and intel invest in ayar labs to enable futuristic light-based chips",,"tech","2024-12-13 22:03:29",NULL,,"3"
"1he2dzd","new invention harvests static energy from waste polystyrene to produce electricity",,"tech","2024-12-14 13:01:41",NULL,,"3"
"1he3w1t","noninvasive imaging method can penetrate deeper into living tissue. using high-powered lasers, this new method could help biologists study the body’s immune responses and develop new medicines.",,"tech","2024-12-14 14:22:37",NULL,,"3"
"1he6r00","new retrofit lets micro-turbines burn both hydrogen and natural gas",,"tech","2024-12-14 16:39:37",NULL,,"3"
"1het2r9","shape-shifting antenna takes cue from ""the expanse"" inspired by the sci-fi show, the device morphs to suit its signals",,"tech","2024-12-15 13:57:12",NULL,,"3"
"1het4ww","magnetic ""metasheet"" material moves objects like a conveyor belt",,"tech","2024-12-15 14:00:29",NULL,,"3"
"1hez16g","researchers have developed a new device which will enable small drones to shoot powerful lasers – something once thought impossible",,"tech","2024-12-15 18:36:04",NULL,,"3"
"1hfj8vj","optical fibers monitor brain for deadly post-injury complications",,"tech","2024-12-16 13:37:25",NULL,,"3"
"1hfk2a2","physicists uncover new state of matter called quantum spin liquid | this discovery could open doors for further discoveries in fundamental and quantum physics.",,"tech","2024-12-16 14:17:44",NULL,,"3"
"1hg83wx","""crazy li"" arms drones with powerful lasers that can cut through metal",,"tech","2024-12-17 10:51:28",NULL,,"3"
"1hgancg","nuclear-electric rocket propulsion could cut mars round-trips down to a few months",,"tech","2024-12-17 13:30:41",NULL,,"3"
"1hh0628","an innovative fertility technology using stem cells to help an embryo mature outside the body has resulted in the world’s first live human birth | gameto, the company that developed the approach, says it’s faster, safer and more accessible than conventional ivf.",,"tech","2024-12-18 12:07:03",NULL,,"3"
"1hh1izr","cyborg cockroach armies can now be mass-produced at a rate of one every 68 seconds",,"tech","2024-12-18 13:25:50",NULL,,"3"
"1hhr8q6","squid-based biodegradable sponge removes 99.9% of microplastics from water | the new sponge method is promising, but challenges such as properly disposing of absorbed microplastics remain a critical issue.",,"tech","2024-12-19 11:52:04",NULL,,"3"
"1hhyvda","biologically inspired bioactive hydrogels for scarless corneal repair",,"tech","2024-12-19 18:01:14",NULL,,"3"
"1hiiaj3","billion times faster chip-based laser neuron can process 34.7 million images per second | the researchers have created chip-based quantum-dot laser-graded neurons.",,"tech","2024-12-20 12:00:28",NULL,,"3"
"1hiicdb","miniature vr headset to immerse mice in virtual environments to reveal neural activity | the researchers are looking to further develop the goggles, with a lightweight, mobile version for larger rodents.",,"tech","2024-12-20 12:03:17",NULL,,"3"
"1hikehr","chiral flat-band optical cavity with atomically thin mirrors",,"tech","2024-12-20 14:01:27",NULL,,"3"
"1hioquf","new physics sim trains robots 430,000 times faster than reality | ""genesis"" can compress training times from decades into hours using 3d worlds conjured from text.",,"tech","2024-12-20 17:21:28",NULL,,"3"
"1hj9sa6","a football field in a teaspoon: new material has insane surface area",,"tech","2024-12-21 13:25:25",NULL,,"3"
"1hjkbj3","cern's large hadron collider finds the heaviest antimatter particle yet | hyperhelium-4 now has an antimatter counterpart",,"tech","2024-12-21 22:02:45",NULL,,"3"
"1hjyjq9","'absolute miracle' breakthrough provides recipe for zero-carbon cement",,"tech","2024-12-22 13:31:59",NULL,,"3"
"1hjzcjn","green sea turtle gets relief from “bubble butt” syndrome thanks to 3d printing",,"tech","2024-12-22 14:18:53",NULL,,"3"
"1hk6ua5","tetsuwan scientific is making robotic ai scientists that can run experiments on their own",,"tech","2024-12-22 20:23:14",NULL,,"3"
"1hkm4wo","desert ant vision powers sci-fi style super chip to spot cancer, boost security | chinese researchers have developed a miniature, on-chip polarization photodetector.",,"tech","2024-12-23 11:50:06",NULL,,"3"
"1hkm88w","scientists develop matchbox-sized laser in a bid to boost quantum research | the affordable, lightweight 780nm laser can perform on par with typical tabletop lasers and can be used both inside and outside the lab, according to the researchers.",,"tech","2024-12-23 11:56:35",NULL,,"3"
"1hkmh5n","engineers achieve quantum teleportation over active internet cables | as research advances, we could enter a new era in communication technology, where quantum and traditional networks can coexist to offer unprecedented levels of security and speed.",,"tech","2024-12-23 12:12:11",NULL,,"3"
"1hkn6tk","transparent bamboo: a fireproof and waterproof alternative to glass",,"tech","2024-12-23 12:56:56",NULL,,"3"
"1hlddah","iron man-inspired exoskeleton helps paraplegics walk again",,"tech","2024-12-24 13:18:38",NULL,,"3"
"1hldpy7","will even the most advanced subs have nowhere to hide? the scramble to preserve submarine stealth in an age of ai and all-seeing sensors",,"tech","2024-12-24 13:38:44",NULL,,"3"
"1hm0ife","mit's light-activated antiferromagnetic memory could replace today's ferromagnets",,"tech","2024-12-25 13:13:39",NULL,,"3"
"1hm13re","a bionic leg controlled by the brain. a new kind of prosthetic limb depends on carbon fibre and computer chips—and the reëngineering of muscles, tendons, and bone.",,"tech","2024-12-25 13:52:43",NULL,,"3"
"1hmd9zy","f1 stalwart is quietly innovating to bring its expertise in cooling to data centers and beyond | castrol is developing dielectric fluids for immersion cooling systems",,"tech","2024-12-26 01:00:01",NULL,,"3"
"1hmm40v","the british army is trialing radio waves to zap drones out of the sky – at 13 cents per shot | the system disrupt drones from over a kilometer away, essentially shooting them down",,"tech","2024-12-26 10:57:07",NULL,,"3"
"1hmnkkb","twisted light: the edison bulb has purpose again",,"tech","2024-12-26 12:40:35",NULL,,"3"
"1hms3kr","swarms of tiny robots coordinate to achieve ant-like feats of strength",,"tech","2024-12-26 16:38:33",NULL,,"3"
"1hndqih","stem cells from mice have been 'instructed' to form specific tissues and organs | researchers can guide and control the development of stem cells into specific tissues and organs, opening the door to developing a means of one day tackling complex diseases like diabetes and parkinson’s disease.",,"tech","2024-12-27 12:21:05",NULL,,"3"
"1hne7v5","breakthrough treatment flips cancer cells back into normal cells",,"tech","2024-12-27 12:51:25",NULL,,"3"
"1hod1vv","mit engineers grow “high-rise” 3d chips. an electronic stacking technique could exponentially increase the number of transistors on chips, enabling more efficient ai hardware.",,"tech","2024-12-28 19:22:50",NULL,,"3"
"1howzkh","scientists built tiny vr goggles for mice",,"tech","2024-12-29 14:23:21",NULL,,"3"
"1hozms8","five breakthroughs that make openai’s o3 a turning point for ai — and one big challenge",,"tech","2024-12-29 16:32:52",NULL,,"3"
"1hplzo7","mit team decodes quantum geometry in kagome metal for the first time | we know a lot about electrons in terms of their energy, nature, and movement. however, their quantum geometry has remained a puzzle.",,"tech","2024-12-30 12:14:43",NULL,,"3"
"1hpnbb9","how hallucinatory a.i. helps science dream up big breakthroughs",,"tech","2024-12-30 13:34:05",NULL,,"3"
"1hpnhv8","anti-aging treat: dog drug could extend human lifespan, us scientists explore | the us-based company believes their research on canine longevity will also benefit humans.",,"tech","2024-12-30 13:44:06",NULL,,"3"
"1hpwd6c","in a first, surgical robots learned tasks by watching videos | robots have been trained to perform surgical tasks with the skill of human doctors, even learning to correct their own mistakes during surgeries.",,"tech","2024-12-30 20:17:01",NULL,,"3"
"1hqe9k9","remote-controlled gene therapy uses ultrasound to kill cancer",,"tech","2024-12-31 13:03:01",NULL,,"3"
"1hr385t","manta rays inspire faster swimming robots and better water filters",,"tech","2025-01-01 13:46:27",NULL,,"3"
"1hrorwc","a colossal 18,000kg ev is autonomously loading gold at a canadian mine, with a high-performance 540 kw electric drivetrain and a massive battery",,"tech","2025-01-02 07:54:29",NULL,,"3"
"1hrt4mj","clever armadillo-inspired ""fabric"" gets stiff or soft as needed",,"tech","2025-01-02 12:58:58",NULL,,"3"
"1hrtc3n","system to auto-detect new variants will inform better response to future infectious disease outbreaks | researchers found a new way to identify more infectious variants of viruses or bacteria that start spreading in humans - including the flu, covid, whooping cough and tuberculosis.",,"tech","2025-01-02 13:09:53",NULL,,"3"
"1hsl46v","new ultrasound tech could be used to 3d-print implants inside the body | in order to keep surgeries minimally invasive, it would be great if implants could be injected into the body in liquid form, then solidified once in place.",,"tech","2025-01-03 12:11:12",NULL,,"3"
"1hsobi1","scientists extract gold from e-waste to transform co2 into valuable chemicals | the team’s innovation recovers gold from discarded electronics and uses it as a catalyst to transform co2 into useful organic materials.",,"tech","2025-01-03 14:59:40",NULL,,"3"
"1ht66c2","injected hydrogel becomes a bone-healing solid when exposed to light | cells from the adjacent bone tissue gradually migrate into such a material, where they proceed to reproduce as the material harmlessly biodegrades.",,"tech","2025-01-04 04:17:54",NULL,,"3"
"1hte730","implants made of your blood could repair broken bone",,"tech","2025-01-04 13:18:10",NULL,,"3"
"1htwmfg","next-gen ev batteries could last decades, researchers show the potential of single-crystal electrode tech | the battery lifespan could be around 20,000 cycles or 8 million kilometers",,"tech","2025-01-05 03:37:13",NULL,,"3"
"1hu7mov","liquid crystal glasses filter out epileptic-seizure-triggering light",,"tech","2025-01-05 14:00:11",NULL,,"3"
"1huh4zy","robots can now walk through muddy and slippery terrain, thanks to moose-like feet",,"tech","2025-01-05 20:59:27",NULL,,"3"
"1huyvel","parkinson's disease may one day be treated with a shot of magnetic discs",,"tech","2025-01-06 13:22:50",NULL,,"3"
"1hvg2gc","drones with legs can walk, hop, and jump into the air",,"tech","2025-01-07 01:38:35",NULL,,"3"
"1hvrnth","clever coating for medical devices stops clots by imitating a blood vessel",,"tech","2025-01-07 13:41:23",NULL,,"3"
"1hwijft","damaged coral reefs are getting a helping robotic hand | various groups are now growing baby corals for transplantation into the world's disappearing reefs, but they need a hand. a new robotic hand has been created to help, by carefully transferring the li'l corals between tanks as they grow up.",,"tech","2025-01-08 11:57:48",NULL,,"3"
"1hwik5t","electrochemical reactor grabs 97.5% of lithium from geothermal sources | lithium-ion batteries power everything from our vape pens to electric cars, but they have one glaring issue: they rely on lots of hard-to-harvest lithium.",,"tech","2025-01-08 11:59:00",NULL,,"3"
"1hwkkof","a dash of gallium may make for stabler hip and knee implants",,"tech","2025-01-08 13:45:47",NULL,,"3"
"1hxbyeb","australian scientists engineer ‘toxic male’ mosquitoes to combat deadly diseases | male mosquitoes are being genetically modified to produce spider and sea anemone venom.",,"tech","2025-01-09 12:43:21",NULL,,"3"
"1hxc1se","scientists develop coldest-ever fridge for quantum computers for icy upgrades | this development increases the probability of a qubit being in its ground state before computation from 99.8-99.92% to 99.97%.",,"tech","2025-01-09 12:48:45",NULL,,"3"
"1hxdbm7","genetic tweak weaponizes mosquito semen for population control",,"tech","2025-01-09 13:56:45",NULL,,"3"
"1hy2kav","prostate cancer is usually treated with surgery and radiation therapy, but these can have drastic side effects | a new clinical trial is exploring the safety and efficacy of killing the cancer cells with a blast of steam.",,"tech","2025-01-10 11:41:04",NULL,,"3"
"1hy4uyv","'thermochromorph' art changes with the temperature",,"tech","2025-01-10 13:53:01",NULL,,"3"
"1hyvoqs","grain-sized soft robot delivers multiple medications, guided by magnetic fields",,"tech","2025-01-11 13:18:24",NULL,,"3"
"1hzcbqa","smart stitches generate electricity on movement for faster healing | scientists in china have now turned that weakness into a strength, developing stitches that generate an electric charge when stretched and heal wounds faster.",,"tech","2025-01-12 02:12:57",NULL,,"3"
"1i0dc54","""functional cure"" for diabetes restores insulin production with stem cells | a patient with type 1 diabetes has been functionally cured of the disease. the treatment involves growing and transplanting new insulin-producing cells from the patient’s own stem cells.",,"tech","2025-01-13 12:57:27",NULL,,"3"
"1i0dty2","new filter captures and recycles aluminum from manufacturing waste",,"tech","2025-01-13 13:23:32",NULL,,"3"
"1i0x6yc","ai unveils strange chip designs, while discovering new functionalities",,"tech","2025-01-14 03:43:19",NULL,,"3"
"1i14jv5","under-skin implant dispenses naloxone to prevent opioid overdose deaths | the isos (implantable system for opioid safety) implant is being developed to automatically dispenses naloxone from within the body.",,"tech","2025-01-14 12:03:40",NULL,,"3"
"1i16708","robotic sea turtle could soon be swimming in an ocean near you",,"tech","2025-01-14 13:36:21",NULL,,"3"
"1i16cgi","japan debuts first general-purpose quantum computer made of light",,"tech","2025-01-14 13:44:06",NULL,,"3"
"1i18b5h","donut lab's new motor brings power to the wheel hub | the finland-based company's in-wheel motor serves up 650 kilowatts of power",,"tech","2025-01-14 15:17:39",NULL,,"3"
"1i19pvc","scientists invent sand-powered seismic device to reduce earthquake damage by 75% | university of sharjah professors patent an earthquake dissipation device that only needs sand to withstand seismic forces.",,"tech","2025-01-14 16:19:39",NULL,,"3"
"1i1utnt","we've never been closer to accurately assessing whether an individual is more susceptible to developing major depressive disorder due to their biology, with 293 newly identified gene variants found to play a role in ramping up the risk factor | that's 42% more than was previously known.",,"tech","2025-01-15 10:48:22",NULL,,"3"
"1i1xkwd","world's first liquid hydrogen powered turbine engine",,"tech","2025-01-15 13:39:17",NULL,,"3"
"1i2nfov","mit’s robot bees break pollination records with 1,000-second hover, flips and more | the robot reaches 35 cm/s, performs flips, and traces paths like “m-i-t,” highlighting control and endurance advances.",,"tech","2025-01-16 12:05:09",NULL,,"3"
"1i2pf46","woven city is a real-world test bed for tomorrow's tech",,"tech","2025-01-16 13:55:15",NULL,,"3"
"1i2s4zm","device uses wind to create ammonia out of thin air | the process requires no external power to produce the green energy fuel",,"tech","2025-01-16 16:00:31",NULL,,"3"
"1i3eoao","brain-controlled bionic hand offers most advanced artificial touch yet | the new brain-computer interface device goes ""beyond anything that has been done before,"" the researchers claim.",,"tech","2025-01-17 11:52:52",NULL,,"3"
"1i3f8ce","21st-century chainmail uses molecular instead of metallic links | the ""highest density of mechanical bonds ever achieved,"" researchers created a flexible material that works like chainmail. the breakthrough has already demonstrated its ability to improve body armor.",,"tech","2025-01-17 12:26:41",NULL,,"3"
"1i3synh","robots the size of rice grains aim to revolutionize brain surgery | far less invasive than traditional tools",,"tech","2025-01-17 22:44:47",NULL,,"3"
"1i47blt","heart attack damage could be reversed by reactivating dormant gene",,"tech","2025-01-18 13:16:30",NULL,,"3"
"1i4an2a","fly-eyed glasses may help the visually impaired see well again | a clever new set of glasses may offer new hope to people with macular degeneration. by copying the structure of a fly's eyes, the specs are claimed to ""fill in"" the missing section of the wearer's view of the world.",,"tech","2025-01-18 16:03:04",NULL,,"3"
"1i5qd5j","molten salt nuclear reactor in wyoming hits key milestone",,"tech","2025-01-20 13:40:36",NULL,,"3"
"1i5z4jg","a solid electrolyte gives lithium-sulfur batteries ludicrous endurance | sulfur can store a lot more lithium but is problematically reactive in batteries.",,"tech","2025-01-20 19:48:12",NULL,,"3"
"1i6h5lf","robotic glove helps pianists boost finger speed and skill in just 30 minutes | the exoskeleton allowed each finger to move on its own, helping participants practice fast, complex finger movements they hadn’t tried before.",,"tech","2025-01-21 12:08:48",NULL,,"3"
"1i6hass","plant-based breakthrough boosts water-based zinc batteries’ performance in cold | the breakthrough prevents freezing in water-based zinc electrolytes, improving battery efficiency in cold conditions.",,"tech","2025-01-21 12:17:30",NULL,,"3"
"1i6iffn","new fuel withstands nuclear thermal propulsion reactor conditions",,"tech","2025-01-21 13:21:09",NULL,,"3"
"1i6kuea","world’s smallest biomedical robot could pave way for minimally invasive surgeries | at just 0.95 millimeters, it’s 60 percent smaller than any existing model.",,"tech","2025-01-21 15:16:48",NULL,,"3"
"1i78leq","researchers have discovered that proteins in the mollusk’s blood not only have bacteria-killing properties, raising the possibility of a new antibiotic, but also increase the effectiveness of some existing antibiotics.",,"tech","2025-01-22 10:59:08",NULL,,"3"
"1i7agm7","breakthrough plastic supercapacitor hits 70,000 charge cycles, offers 100x conductivity | “the advance could lead to supercapacitors that can meet some energy storage demands as the world transitions to renewable, sustainable energy production.”",,"tech","2025-01-22 12:54:56",NULL,,"3"
"1i7bhqs","3d-printed battery made from fungi feeds on sugars",,"tech","2025-01-22 13:48:58",NULL,,"3"
"1i82s0a","got milk? startup develops milk-based targeted drug-delivery technology",,"tech","2025-01-23 12:59:08",NULL,,"3"
"1i83i21","a new method to fabricate soft electronics via particle engulfment printing | the electronics industry is leading to the development of countless devices of different sizes and shapes, which are designed for a variety of applications.",,"tech","2025-01-23 13:36:47",NULL,,"3"
"1i83twc","china’s next-gen sexbots powered by ai about to hit the shelves | future models ‘react with both movements and speech, significantly enhancing user experience by focusing on emotional connection’",,"tech","2025-01-23 13:53:24",NULL,,"3"
"1i86hjf","cern's particle accelerator tech is being reimagined to blast cancer in under a second | when accelerators start accelerating cancer cures",,"tech","2025-01-23 15:54:32",NULL,,"3"
"1i8u0lp","sneeze simulator shows spread of invisible bugs | a coughing, sneezing, 3d-printed model of the human nose and upper airway has provided researchers with a better understanding of how airborne infections are transmitted. the knowledge will aid in developing effective ways of reducing that spread.",,"tech","2025-01-24 12:14:26",NULL,,"3"
"1i8uyax","new ai picks up 97% of lung diseases, and can tell pneumonia from covid-19",,"tech","2025-01-24 13:06:45",NULL,,"3"
"1i8vgor","chinese artificial sun shatters world record with 1,066-second plasma confinement | a crucial milestone in fusion research",,"tech","2025-01-24 13:32:59",NULL,,"3"
"1i9meu0","mit's zero-energy technique shows how to brew ammonia underground",,"tech","2025-01-25 12:58:49",NULL,,"3"
"1iae9zs","balance-assessing rig is kind of like a mechanical bull for stroke patients",,"tech","2025-01-26 13:16:29",NULL,,"3"
"1iahcvj","paralyzed man pilots a virtual drone – by thinking of moving his fingers | brain-computer interfaces may allow paralyzed people to perform basic actions such as eating and typing.",,"tech","2025-01-26 15:29:31",NULL,,"3"
"1ib7brl","lab-grown sperm, eggs may soon allow parents to customize their future children | hfea held a meeting last week and announced that scientists are close to growing human eggs and sperm in a lab.",,"tech","2025-01-27 12:11:01",NULL,,"3"
"1ib7yvi","cancer protein discovery reveals new treatment target",,"tech","2025-01-27 12:41:59",NULL,,"3"
"1ibcm17","china sets new fusion endurance record of over a thousand seconds | the experimental advanced superconducting tokamak reactor in hefei, anhui province has set a new record with a 1,066-second sustained fusion reaction.",,"tech","2025-01-27 16:05:45",NULL,,"3"
"1ibz9nq","breast cancer cure rates almost doubled in combo therapy trial | a phase 3 clinical trial has shown that adding a targeted immunotherapy drug to chemotherapy dramatically improved the cure rate for patients with the most common kind of breast cancer.",,"tech","2025-01-28 11:14:36",NULL,,"3"
"1ic15gr","augmented vision helmet helps deep-sea divers work in the murk",,"tech","2025-01-28 13:08:23",NULL,,"3"
"1ic7ir8","ai model simulates 500 million years of evolution to generate a new fluorescent protein",,"tech","2025-01-28 17:51:35",NULL,,"3"
"1ichdti","virus-based therapy shrinks tumors in skin cancer patients | tvec therapy shrinks tumors in basal cell carcinoma, simplifying surgeries and activating immune responses.",,"tech","2025-01-29 00:45:44",NULL,,"3"
"1icsu6m","biomimetic hubless outboard motor brings smart hybrid power to boating",,"tech","2025-01-29 12:39:39",NULL,,"3"
"1icsxaw","return of supersonic travel moves closer as privately developed aircraft breaks the sound barrier | a world first",,"tech","2025-01-29 12:44:40",NULL,,"3"
"1icthb9","urine-based cancer test accurate even without the uncomfortable bit | a new study has revealed that the now-available test remains just as accurate without it, paving the way from an easy in-home testing option.",,"tech","2025-01-29 13:15:00",NULL,,"3"
"1id87kl","ai creates glowing protein that would've taken nature 500 million years to evolve | fast-forwarding evolution",,"tech","2025-01-29 23:39:20",NULL,,"3"
"1idlyz3","scientists develop patch that can repair damaged hearts | cells taken from blood and ‘reprogrammed’ into heart muscle cells may help patients with heart failure",,"tech","2025-01-30 12:35:10",NULL,,"3"
"1idmcce","'robot blood' powers soft-bodied jellyfish and worm robots",,"tech","2025-01-30 12:56:25",NULL,,"3"
"1ied9ez","hyperelastic rubber soft robots mimic mantis shrimp-level punch, flea-like leaps | a flexible joint releases stored energy under compression, enabling strong, repetitive motions with a simple tendon-motor setup.",,"tech","2025-01-31 12:04:34",NULL,,"3"
"1ieddnq","hiv cure could be hiding in fda-approved drug | a new study, shows that the compound ebc-46 can reactivate dormant virus cells, allowing them to be targeted by immunotherapy. this is called a “kick and kill” strategy which could completely clear the virus from a patient.",,"tech","2025-01-31 12:11:35",NULL,,"3"
"1iee2sm","‘fatty cartilage’ discovery set to revolutionize regenerative medicine",,"tech","2025-01-31 12:51:40",NULL,,"3"
"1if5hqa","koenigsegg's new tourbillon trans is unlike anything you've ever seen",,"tech","2025-02-01 12:41:49",NULL,,"3"
"1ifa48l","microsoft lets you use chatgpt’s priciest ai model for free",,"tech","2025-02-01 16:33:44",NULL,,"3"
"1ifa98g","ai designed computer chips that the human mind can't understand.",,"tech","2025-02-01 16:39:59",NULL,,"3"
"1ifbavd","lightsail propulsion could enable interstellar travel at speeds never before imagined | the breakthrough starshot initiative — backed by theoretical physicist stephen hawking and scientist yuri milner — aims to send miniature spacecraft to alpha centauri, our nearest star system.",,"tech","2025-02-01 17:25:17",NULL,,"3"
"1ifbpqk","with generative ai, mit chemists quickly calculate 3d genomic structures | a new approach, which takes minutes rather than days, predicts how a specific dna sequence will arrange itself in the cell nucleus.",,"tech","2025-02-01 17:42:57",NULL,,"3"
"1ifbrs3","to help ais understand the world, researchers put them in a robot",,"tech","2025-02-01 17:45:29",NULL,,"3"
"1ifjckb","artificial gills unlock long-range underwater robots | what's good for fish may be good for robots, too, as researchers from the helmholtz-zentrum hereon have developed an artificial gill that can extract oxygen from seawater to run fuel cells to power robotic sea gliders on long missions.",,"tech","2025-02-01 23:21:05",NULL,,"3"
"1ifwso4","""injectable bone"" gel may be a radically better treatment for osteoporosis",,"tech","2025-02-02 13:04:37",NULL,,"3"
"1ifxpr4","world's only 12 rotor turbo y-config rotary engine could make 5k hp",,"tech","2025-02-02 13:56:11",NULL,,"3"
"1ig488v","researchers used ai to build nanomaterials lighter and stronger than titanium | ""this can ultimately help reduce the high carbon footprint of flying""",,"tech","2025-02-02 18:42:49",NULL,,"3"
"1igomet","sweat sensors track health in real-time with printed nanoparticle ink | caltech just manufactured a wearable sweat sensor that “inkjet prints” biomarkers to better monitor the human body.",,"tech","2025-02-03 13:05:56",NULL,,"3"
"1igp32i","groovy gecko toes may bring us ice-slip-proof shoes",,"tech","2025-02-03 13:30:05",NULL,,"3"
"1ihf59h","smart fabric generates heat from sunlight to keep you warm in freezing temperatures | the fabric changes color as it heats up",,"tech","2025-02-04 10:59:47",NULL,,"3"
"1ihge46","us scientists spot new class of quantum particles in world-first breakthrough | this new class of quantum particles could help improve quantum computers.",,"tech","2025-02-04 12:20:38",NULL,,"3"
"1ihie3r","how to grow a laser on silicon | imec researchers overcome material mismatches to make lasers directly on silicon wafers",,"tech","2025-02-04 14:05:49",NULL,,"3"
"1ii7h2v","preventing immune system burnout when fighting chronic illness & cancer | scientists have uncovered a mechanism for reinvigorating the immune system to stop it from flagging when it’s fighting long-term conditions like chronic infections and cancer.",,"tech","2025-02-05 10:57:10",NULL,,"3"
"1ii8s80","self-healing asphalt could prevent potholes and save costs on vehicle repairs | by embedding tiny plant spores filled with recycled oils into asphalt, scientists have created a material that can mend its own cracks.",,"tech","2025-02-05 12:24:59",NULL,,"3"
"1ii9dtf","us approves ""milestone"" parkinson's treatment for 2025 release | americans will soon have access to an infusion treatment that provides round-the-clock relief of parkinson's symptoms.",,"tech","2025-02-05 13:00:12",NULL,,"3"
"1iizulb","robodogs tackle bomb detection, defusing and disposal | the british ministry of defence's answer is using the mechanical mutts to make detecting and defusing bombs safer and more efficient.",,"tech","2025-02-06 10:50:47",NULL,,"3"
"1iizvqx","scientists devise 'living' electrodes that could vastly improve traditional silicon electronics | electronic signals can be dynamically adjusted by heating and cooling metamaterial",,"tech","2025-02-06 10:53:07",NULL,,"3"
"1ij0nt1","for the first time, scientists have been able to produce kangaroo embryos through in-vitro fertilization (ivf) | an important milestone in being able to replicate this across hundreds of species of pouch-toting marsupials under ever-increasing threat of extinction.",,"tech","2025-02-06 11:44:34",NULL,,"3"
"1ij2wyi","huge strides made in eradicating food poisoning and stomach flu symptoms",,"tech","2025-02-06 13:47:37",NULL,,"3"
"1ijscwa","'ionic wind' vortex ring launchers extinguish fires cleanly and safely | engineers at ohio state university have now developed handheld tools that cleanly extinguish fires with 'ionic wind’ and vortex rings.",,"tech","2025-02-07 10:52:07",NULL,,"3"
"1iju19f","water-spraying tower is a mobile forest-fire-fighting sprinkler system",,"tech","2025-02-07 12:38:15",NULL,,"3"
"1ikmrvp","origami-inspired floor design cuts concrete and steel use by half",,"tech","2025-02-08 13:01:57",NULL,,"3"
"1ikykil","wound dressing uses tiny flowers to go big on killing bacteria | scientists create a material that kills multiple types of harmful bacteria, and it does so using tiny flowers.",,"tech","2025-02-08 21:46:06",NULL,,"3"
"1ilcol0","bacteria make a meal of toxic pfas 'forever chemicals' | scientists have identified a bacterium that can eat these chemicals, as well as their byproducts.",,"tech","2025-02-09 11:23:00",NULL,,"3"
"1ilctif","braille for sports: haptic handheld broadcasts games to your fingertips | catches, kicks, throws, passes, goals, touchdowns and home runs will all be buzzed to the user through different vibration patterns.",,"tech","2025-02-09 11:32:26",NULL,,"3"
"1ilduf0","gut bacteria may be the key to much more effective vitiligo treatment",,"tech","2025-02-09 12:39:24",NULL,,"3"
"1im2n0v","steering electricity through the air with ultrasound pulses | scientists in europe and canada have now managed to guide sparks through thin air and even around obstacles using ultrasound waves.",,"tech","2025-02-10 09:56:24",NULL,,"3"
"1im4x9i","existing cardiac drug helps keep cancer from spreading | an existing cardiac drug (digoxin) has now been found to reduce the risk of metastasis by dissolving circulating clusters of breast cancer cells in patients.",,"tech","2025-02-10 12:24:28",NULL,,"3"
"1imgnqu","scientist worked out how to transfer data between two machines using quantum teleportation | breakthrough is a first step in building a quantum network",,"tech","2025-02-10 20:48:41",NULL,,"3"
"1imx7dw","physicists enable qubits to chat in light at room temperature in a quantum leap | the researchers used an electro-optic transducer to disconnect qubits from electric infrastructure that extensive and expensive to build.",,"tech","2025-02-11 12:14:08",NULL,,"3"
"1imy4am","gold outperforms ozempic for weight loss – and leaves muscles alone",,"tech","2025-02-11 13:05:40",NULL,,"3"
"1in1ce5","supersonic passenger jet prototype surpasses mach 1 | the overture could be the first commercial supersonic plane since the concorde",,"tech","2025-02-11 15:36:25",NULL,,"3"
"1in1gr2","meta unveils ai models that convert brain activity into text with unmatched accuracy",,"tech","2025-02-11 15:41:42",NULL,,"3"
"1inpk6q","hyrdogel soaks up cosmic rays to protect space travelers | in the future, it might also be used to shield astronauts from the hazard of deadly cosmic radiation on long space voyages.",,"tech","2025-02-12 12:23:28",NULL,,"3"
"1iohwmv","researchers find cancer's 'off-grid' power supply – and how to cut it | researchers have discovered a particular type of cancer cell that relies on its own biological electric utility. disrupting the utility with the help of a puffer fish – showed a breakthrough way to fight the tumors.",,"tech","2025-02-13 12:25:35",NULL,,"3"
"1iojx4y","breakthrough brings fiber optics to quantum computing, improving efficiency and reducing heat generation | it promises much better cooling",,"tech","2025-02-13 14:13:29",NULL,,"3"
"1ip892a","muscle tissue meets mechanics in biohybrid hand breakthrough | combining lab-grown muscle tissue with a series of flexible mechanical joints has led to the development of an artificial hand that can grip and make gestures.",,"tech","2025-02-14 11:09:24",NULL,,"3"
"1ipa6h2","modified fish and flies could pull pollution out of the environment",,"tech","2025-02-14 13:07:58",NULL,,"3"
"1ipz7tn","alzheimer's biomarkers now visible up to a decade ahead of symptoms | researchers have devised a biomarker test that can spot small amounts of clumping tau protein in the brain and cerebrospinal fluid, which lead to alzheimer's disease.",,"tech","2025-02-15 11:11:39",NULL,,"3"
"1ipzsq4","decommissioned wind turbine blades recycled into asphalt for new roads | as much as wind turbines are great for producing clean energy, disposing of them when the time comes can be challenging. researchers in china have hit upon a clever way to use discarded blades to build long-lasting roads.",,"tech","2025-02-15 11:53:23",NULL,,"3"
"1iq0ypn","polaris hybrid-electric seaplane boasts 85% better fuel efficiency",,"tech","2025-02-15 13:07:39",NULL,,"3"
"1iqiqr4","how self-healing e-skin is transforming health technology | self-healing electronic skin could potentially transform the landscape of personal health monitoring.",,"tech","2025-02-16 03:03:52",NULL,,"3"
